Crime,District
CYBER  CRIME,Bagalkot 

POST  &  TELEGRAPH,TELEGRAPH  WIRES(UNLAWFUL  POSSESSION)ACT  1950,Bagalkot 

PREVENTION  OF  DAMAGE  TO  PUBLIC  PROPERTY  ACT  1984,Bagalkot 

REPRESENTATION  OF  PEOPLE  ACT  1951  &  1988,Bagalkot 

AFFRAY,Bagalkot 

ANIMAL,Bagalkot 

ARMS  ACT    1959,Bagalkot 

ATTEMPT  TO  MURDER,Bagalkot 

BURGLARY,Bagalkot 

BURGLARY,Bagalkot 

CASES  OF  HURT,Bagalkot 

CHEATING,Bagalkot 

CHILDREN  ACT,Bagalkot 

Concealment  of  birth  by  secret  disposal  of  Child,Bagalkot 

CONSUMER,Bagalkot 

COTPA,  CIGARETTES  AND  OTHER  TOBACCO  PRODUCTS,Bagalkot 

CRIMES  RELATED  TO  WOMEN,Bagalkot 

CRIMINAL  INTIMIDATION,Bagalkot 

CRIMINAL  TRESPASS,Bagalkot 

CrPC,Bagalkot 

CRUELTY  BY  HUSBAND,Bagalkot 

CULPABLE  HOMICIDE  NOT  AMOUNTING  TO  MURDER,Bagalkot 

DACOITY,Bagalkot 

Disobedience  to  Order  Promulgated  by  PublicServan,Bagalkot 

DOWRY  DEATHS,Bagalkot 

ELECTION,Bagalkot 

EXPOSURE  AND  ABANDONMENT  OF  CHILD,Bagalkot 

FORGERY,Bagalkot 

INSULTING  MODESTY  OF  WOMEN  (EVE  TEASING),Bagalkot 

KARNATAKA  POLICE  ACT  1963,Bagalkot 

Karnataka  State  Local  Act,Bagalkot 

KIDNAPPING  AND  ABDUCTION,Bagalkot 

MISCHIEF,Bagalkot 

MISSING  PERSON,Bagalkot 

MOLESTATION,Bagalkot 

MOTOR  VEHICLE  ACCIDENTS  FATAL,Bagalkot 

MOTOR  VEHICLE  ACCIDENTS  NON,Bagalkot 

MURDER,Bagalkot 

NARCOTIC  DRUGS  &  PSHYCOTROPIC  SUBSTANCES,Bagalkot 

NEGLIGENT  ACT,Bagalkot 

OFFENCES  AGAINST  PUBLIC  SERVANTS  (Public  servant  is  a  victim),Bagalkot 

POCSO,Bagalkot 

POISONING,Bagalkot 

RAPE,Bagalkot 

RIOTS,Bagalkot 

ROBBERY,Bagalkot 

SCHEDULED  CASTE  AND  THE  SCHEDULED  TRIBES,Bagalkot 

SUICIDE,Bagalkot 

THEFT,Bagalkot 

CYBER  CRIME,Ballari 

ARSON,Ballari 

ASSAULT,Ballari 

ATTEMPT  TO  MURDER,Ballari 

Attempting  to  commit  offences,Ballari 

BURGLARY,Ballari 

CASES  OF  HURT,Ballari 

CHEATING,Ballari 

CHILDREN  ACT,Ballari 

Concealment  of  birth  by  secret  disposal  of  Child,Ballari 

CONSUMER,Ballari 

CRIMES  RELATED  TO  WOMEN,Ballari 

CRIMINAL  BREACH  OF  TRUST,Ballari 

CRIMINAL  INTIMIDATION,Ballari 

CRIMINAL  TRESPASS,Ballari 

CrPC,Ballari 

CRUELTY  BY  HUSBAND,Ballari 

Disobedience  to  Order  Promulgated  by  PublicServan,Ballari 

EXPLOSIVES,Ballari 

IMMORAL  TRAFFIC,Ballari 

KARNATAKA  POLICE  ACT  1963,Ballari 

Karnataka  State  Local  Act,Ballari 

KIDNAPPING  AND  ABDUCTION,Ballari 

MISCHIEF,Ballari 

MISSING  PERSON,Ballari 

MOLESTATION,Ballari 

MOTOR  VEHICLE  ACCIDENTS  FATAL,Ballari 

MOTOR  VEHICLE  ACCIDENTS  NON,Ballari 

MURDER,Ballari 

NARCOTIC  DRUGS  &  PSHYCOTROPIC  SUBSTANCES,Ballari 

NEGLIGENT  ACT,Ballari 

OFFENCES  AGAINST  PUBLIC  SERVANTS  (Public  servant  is  a  victim),Ballari 

POCSO,Ballari 

PUBLIC  SAFETY,Ballari 

RIOTS,Ballari 

SCHEDULED  CASTE  AND  THE  SCHEDULED  TRIBES,Ballari 

SUICIDE,Ballari 

THEFT,Ballari 

CYBER  CRIME,Belagavi  City 

PREVENTION  OF  DAMAGE  TO  PUBLIC  PROPERTY  ACT  1984,Belagavi  City 

AFFRAY,Belagavi  City 

ANIMAL,Belagavi  City 

ARMS  ACT    1959,Belagavi  City 

ARSON,Belagavi  City 

ATTEMPT  TO  MURDER,Belagavi  City 

Attempting  to  commit  offences,Belagavi  City 

BURGLARY,Belagavi  City 

BURGLARY,Belagavi  City 

CASES  OF  HURT,Belagavi  City 

CHEATING,Belagavi  City 

CONSUMER,Belagavi  City 

CRIMES  RELATED  TO  WOMEN,Belagavi  City 

CRIMINAL  INTIMIDATION,Belagavi  City 

CRIMINAL  MISAPPROPRIATION,Belagavi  City 

CRIMINAL  TRESPASS,Belagavi  City 

CrPC,Belagavi  City 

CRUELTY  BY  HUSBAND,Belagavi  City 

DACOITY,Belagavi  City 

Disobedience  to  Order  Promulgated  by  PublicServan,Belagavi  City 

ESCAPE  FROM  LAWFUL  CUSTODY  AND  RESISTANCE,Belagavi  City 

FOREIGNER,Belagavi  City 

FORGERY,Belagavi  City 

IMMORAL  TRAFFIC,Belagavi  City 

KARNATAKA  POLICE  ACT  1963,Belagavi  City 

Karnataka  State  Local  Act,Belagavi  City 

KIDNAPPING  AND  ABDUCTION,Belagavi  City 

MISCHIEF,Belagavi  City 

MISSING  PERSON,Belagavi  City 

MOLESTATION,Belagavi  City 

MOTOR  VEHICLE  ACCIDENTS  FATAL,Belagavi  City 

MOTOR  VEHICLE  ACCIDENTS  NON,Belagavi  City 

MURDER,Belagavi  City 

NARCOTIC  DRUGS  &  PSHYCOTROPIC  SUBSTANCES,Belagavi  City 

NEGLIGENT  ACT,Belagavi  City 

OFFENCES  AGAINST  PUBLIC  SERVANTS  (Public  servant  is  a  victim),Belagavi  City 

OFFENCES  PROMOTING  ENEMITY,Belagavi  City 

POCSO,Belagavi  City 

PUBLIC  NUISANCE,Belagavi  City 

PUBLIC  SAFETY,Belagavi  City 

RAPE,Belagavi  City 

RIOTS,Belagavi  City 

ROBBERY,Belagavi  City 

SCHEDULED  CASTE  AND  THE  SCHEDULED  TRIBES,Belagavi  City 

SUICIDE,Belagavi  City 

THEFT,Belagavi  City 

CYBER  CRIME,Belagavi  Dist 

REPRESENTATION  OF  PEOPLE  ACT  1951  &  1988,Belagavi  Dist 

ADULTERATION,Belagavi  Dist 

AFFRAY,Belagavi  Dist 

ARSON,Belagavi  Dist 

ATTEMPT  TO  MURDER,Belagavi  Dist 

Attempting  to  commit  offences,Belagavi  Dist 

BURGLARY,Belagavi  Dist 

BURGLARY,Belagavi  Dist 

CASES  OF  HURT,Belagavi  Dist 

CHEATING,Belagavi  Dist 

CHILDREN  ACT,Belagavi  Dist 

CONSUMER,Belagavi  Dist 

COTPA,  CIGARETTES  AND  OTHER  TOBACCO  PRODUCTS,Belagavi  Dist 

COUNTERFEITING,Belagavi  Dist 

CRIMES  RELATED  TO  WOMEN,Belagavi  Dist 

CRIMINAL  BREACH  OF  TRUST,Belagavi  Dist 

CRIMINAL  INTIMIDATION,Belagavi  Dist 

CRIMINAL  TRESPASS,Belagavi  Dist 

CrPC,Belagavi  Dist 

CRUELTY  BY  HUSBAND,Belagavi  Dist 

CULPABLE  HOMICIDE  NOT  AMOUNTING  TO  MURDER,Belagavi  Dist 

DACOITY,Belagavi  Dist 

Disobedience  to  Order  Promulgated  by  PublicServan,Belagavi  Dist 

DOWRY  DEATHS,Belagavi  Dist 

ELECTION,Belagavi  Dist 

EXPLOSIVES,Belagavi  Dist 

EXPOSURE  AND  ABANDONMENT  OF  CHILD,Belagavi  Dist 

FORGERY,Belagavi  Dist 

KARNATAKA  POLICE  ACT  1963,Belagavi  Dist 

Karnataka  State  Local  Act,Belagavi  Dist 

KIDNAPPING  AND  ABDUCTION,Belagavi  Dist 

MISCHIEF,Belagavi  Dist 

MISSING  PERSON,Belagavi  Dist 

MOLESTATION,Belagavi  Dist 

MOTOR  VEHICLE  ACCIDENTS  FATAL,Belagavi  Dist 

MOTOR  VEHICLE  ACCIDENTS  NON,Belagavi  Dist 

MURDER,Belagavi  Dist 

NARCOTIC  DRUGS  &  PSHYCOTROPIC  SUBSTANCES,Belagavi  Dist 

NEGLIGENT  ACT,Belagavi  Dist 

OFFENCES  AGAINST  PUBLIC  SERVANTS  (Public  servant  is  a  victim),Belagavi  Dist 

OFFENCES  BY  PUBLIC  SERVANTS  (EXCEPT  CORRUPTION)  (Public  servant  is  accused),Belagavi  Dist 

POCSO,Belagavi  Dist 

PUBLIC  SAFETY,Belagavi  Dist 

RAPE,Belagavi  Dist 

RIOTS,Belagavi  Dist 

ROBBERY,Belagavi  Dist 

SCHEDULED  CASTE  AND  THE  SCHEDULED  TRIBES,Belagavi  Dist 

SUICIDE,Belagavi  Dist 

THEFT,Belagavi  Dist 

CYBER  CRIME,Bengaluru  City 

PREVENTION  OF  DAMAGE  TO  PUBLIC  PROPERTY  ACT  1984,Bengaluru  City 

REPRESENTATION  OF  PEOPLE  ACT  1951  &  1988,Bengaluru  City 

AFFRAY,Bengaluru  City 

ANIMAL,Bengaluru  City 

ARMS  ACT    1959,Bengaluru  City 

ARSON,Bengaluru  City 

ASSAULT,Bengaluru  City 

ATTEMPT  TO  MURDER,Bengaluru  City 

Attempting  to  commit  offences,Bengaluru  City 

BURGLARY,Bengaluru  City 

BURGLARY,Bengaluru  City 

CASES  OF  HURT,Bengaluru  City 

CHEATING,Bengaluru  City 

CHILDREN  ACT,Bengaluru  City 

Concealment  of  birth  by  secret  disposal  of  Child,Bengaluru  City 

CONSUMER,Bengaluru  City 

COPY  RIGHT  ACT  1957,Bengaluru  City 

COTPA,  CIGARETTES  AND  OTHER  TOBACCO  PRODUCTS,Bengaluru  City 

COUNTERFEITING,Bengaluru  City 

CRIMES  RELATED  TO  WOMEN,Bengaluru  City 

CRIMINAL  BREACH  OF  TRUST,Bengaluru  City 

CRIMINAL  CONSPIRACY,Bengaluru  City 

CRIMINAL  INTIMIDATION,Bengaluru  City 

CRIMINAL  MISAPPROPRIATION,Bengaluru  City 

CRIMINAL  TRESPASS,Bengaluru  City 

CrPC,Bengaluru  City 

CRUELTY  BY  HUSBAND,Bengaluru  City 

CULPABLE  HOMICIDE  NOT  AMOUNTING  TO  MURDER,Bengaluru  City 

DACOITY,Bengaluru  City 

Disobedience  to  Order  Promulgated  by  PublicServan,Bengaluru  City 

DOWRY  DEATHS,Bengaluru  City 

ELECTION,Bengaluru  City 

EXPLOSIVES,Bengaluru  City 

EXPOSURE  AND  ABANDONMENT  OF  CHILD,Bengaluru  City 

Failure  to  appear  to  Court,Bengaluru  City 

FOREIGNER,Bengaluru  City 

FORGERY,Bengaluru  City 

Human  Trafficking,Bengaluru  City 

IMMORAL  TRAFFIC,Bengaluru  City 

INSULTING  MODESTY  OF  WOMEN  (EVE  TEASING),Bengaluru  City 

KARNATAKA  POLICE  ACT  1963,Bengaluru  City 

Karnataka  State  Local  Act,Bengaluru  City 

KIDNAPPING  AND  ABDUCTION,Bengaluru  City 

MISCHIEF,Bengaluru  City 

MISSING  PERSON,Bengaluru  City 

MOLESTATION,Bengaluru  City 

MOTOR  VEHICLE  ACCIDENTS  FATAL,Bengaluru  City 

MOTOR  VEHICLE  ACCIDENTS  NON,Bengaluru  City 

MURDER,Bengaluru  City 

NARCOTIC  DRUGS  &  PSHYCOTROPIC  SUBSTANCES,Bengaluru  City 

NEGLIGENT  ACT,Bengaluru  City 

OFFENCES  AGAINST  PUBLIC  SERVANTS  (Public  servant  is  a  victim),Bengaluru  City 

OFFENCES  BY  PUBLIC  SERVANTS  (EXCEPT  CORRUPTION)  (Public  servant  is  accused),Bengaluru  City 

OFFENCES  PROMOTING  ENEMITY,Bengaluru  City 

OFFENCES  RELATED  TO  MARRIAGE,Bengaluru  City 

PASSPORT  ACT,Bengaluru  City 

POCSO,Bengaluru  City 

POISONING,Bengaluru  City 

PORNOGRAPHY,Bengaluru  City 

PUBLIC  NUISANCE,Bengaluru  City 

PUBLIC  SAFETY,Bengaluru  City 

RAPE,Bengaluru  City 

RIOTS,Bengaluru  City 

ROBBERY,Bengaluru  City 

SCHEDULED  CASTE  AND  THE  SCHEDULED  TRIBES,Bengaluru  City 

SEDITION,Bengaluru  City 

SLAVERY,Bengaluru  City 

SUICIDE,Bengaluru  City 

THEFT,Bengaluru  City 

UNLAWFUL  ACTIVITIES(Prevention)ACT  1967,Bengaluru  City 

UNNATURAL  SEX,Bengaluru  City 

CYBER  CRIME,Bengaluru  Dist 

POST  &  TELEGRAPH,TELEGRAPH  WIRES(UNLAWFUL  POSSESSION)ACT  1950,Bengaluru  Dist 

AFFRAY,Bengaluru  Dist 

ANIMAL,Bengaluru  Dist 

ARMS  ACT    1959,Bengaluru  Dist 

ARSON,Bengaluru  Dist 

ASSAULT  OR  USE  OF  CRIMINAL  FORCE  TO  DISROBE  WOMAN,Bengaluru  Dist 

ATTEMPT  TO  MURDER,Bengaluru  Dist 

Attempting  to  commit  offences,Bengaluru  Dist 

BURGLARY,Bengaluru  Dist 

BURGLARY,Bengaluru  Dist 

CASES  OF  HURT,Bengaluru  Dist 

CHEATING,Bengaluru  Dist 

CHILDREN  ACT,Bengaluru  Dist 

CONSUMER,Bengaluru  Dist 

CRIMES  RELATED  TO  WOMEN,Bengaluru  Dist 

CRIMINAL  BREACH  OF  TRUST,Bengaluru  Dist 

CRIMINAL  CONSPIRACY,Bengaluru  Dist 

CRIMINAL  INTIMIDATION,Bengaluru  Dist 

CRIMINAL  TRESPASS,Bengaluru  Dist 

CRUELTY  BY  HUSBAND,Bengaluru  Dist 

CULPABLE  HOMICIDE  NOT  AMOUNTING  TO  MURDER,Bengaluru  Dist 

DACOITY,Bengaluru  Dist 

Disobedience  to  Order  Promulgated  by  PublicServan,Bengaluru  Dist 

DOWRY  DEATHS,Bengaluru  Dist 

ELECTION,Bengaluru  Dist 

EXPLOSIVES,Bengaluru  Dist 

FOREIGNER,Bengaluru  Dist 

FORGERY,Bengaluru  Dist 

IMMORAL  TRAFFIC,Bengaluru  Dist 

INDIAN  MOTOR  VEHICLE,Bengaluru  Dist 

KARNATAKA  POLICE  ACT  1963,Bengaluru  Dist 

Karnataka  State  Local  Act,Bengaluru  Dist 

KIDNAPPING  AND  ABDUCTION,Bengaluru  Dist 

MISCHIEF,Bengaluru  Dist 

MISSING  PERSON,Bengaluru  Dist 

MOLESTATION,Bengaluru  Dist 

MOTOR  VEHICLE  ACCIDENTS  FATAL,Bengaluru  Dist 

MOTOR  VEHICLE  ACCIDENTS  NON,Bengaluru  Dist 

MURDER,Bengaluru  Dist 

NARCOTIC  DRUGS  &  PSHYCOTROPIC  SUBSTANCES,Bengaluru  Dist 

NEGLIGENT  ACT,Bengaluru  Dist 

OFFENCES  AGAINST  PUBLIC  SERVANTS  (Public  servant  is  a  victim),Bengaluru  Dist 

OFFENCES  PROMOTING  ENEMITY,Bengaluru  Dist 

OFFENCES  RELATED  TO  MARRIAGE,Bengaluru  Dist 

POCSO,Bengaluru  Dist 

PUBLIC  NUISANCE,Bengaluru  Dist 

PUBLIC  SAFETY,Bengaluru  Dist 

RAPE,Bengaluru  Dist 

RIOTS,Bengaluru  Dist 

ROBBERY,Bengaluru  Dist 

SCHEDULED  CASTE  AND  THE  SCHEDULED  TRIBES,Bengaluru  Dist 

SUICIDE,Bengaluru  Dist 

THEFT,Bengaluru  Dist 

CYBER  CRIME,Bidar 

REPRESENTATION  OF  PEOPLE  ACT  1951  &  1988,Bidar 

AFFRAY,Bidar 

ANIMAL,Bidar 

ARMS  ACT    1959,Bidar 

ATTEMPT  TO  MURDER,Bidar 

BURGLARY,Bidar 

BURGLARY,Bidar 

CASES  OF  HURT,Bidar 

CHEATING,Bidar 

CHILDREN  ACT,Bidar 

Concealment  of  birth  by  secret  disposal  of  Child,Bidar 

CONSUMER,Bidar 

COUNTERFEITING,Bidar 

CRIMES  RELATED  TO  WOMEN,Bidar 

CRIMINAL  BREACH  OF  TRUST,Bidar 

CRIMINAL  INTIMIDATION,Bidar 

CRIMINAL  TRESPASS,Bidar 

CRUELTY  BY  HUSBAND,Bidar 

DACOITY,Bidar 

DOWRY  DEATHS,Bidar 

ELECTION,Bidar 

EXPLOSIVES,Bidar 

EXPOSURE  AND  ABANDONMENT  OF  CHILD,Bidar 

Failure  to  appear  to  Court,Bidar 

KARNATAKA  POLICE  ACT  1963,Bidar 

Karnataka  State  Local  Act,Bidar 

KIDNAPPING  AND  ABDUCTION,Bidar 

MISCHIEF,Bidar 

MISSING  PERSON,Bidar 

MOLESTATION,Bidar 

MOTOR  VEHICLE  ACCIDENTS  FATAL,Bidar 

MOTOR  VEHICLE  ACCIDENTS  NON,Bidar 

MURDER,Bidar 

NARCOTIC  DRUGS  &  PSHYCOTROPIC  SUBSTANCES,Bidar 

NEGLIGENT  ACT,Bidar 

OFFENCES  AGAINST  PUBLIC  SERVANTS  (Public  servant  is  a  victim),Bidar 

POCSO,Bidar 

POISONING,Bidar 

PUBLIC  NUISANCE,Bidar 

PUBLIC  SAFETY,Bidar 

RAPE,Bidar 

RIOTS,Bidar 

ROBBERY,Bidar 

SCHEDULED  CASTE  AND  THE  SCHEDULED  TRIBES,Bidar 

SUICIDE,Bidar 

THEFT,Bidar 

CYBER  CRIME,Chamarajanagar 

AFFRAY,Chamarajanagar 

ARMS  ACT    1959,Chamarajanagar 

ARSON,Chamarajanagar 

ATTEMPT  TO  MURDER,Chamarajanagar 

BURGLARY,Chamarajanagar 

BURGLARY,Chamarajanagar 

CASES  OF  HURT,Chamarajanagar 

CHEATING,Chamarajanagar 

CONSUMER,Chamarajanagar 

CRIMES  RELATED  TO  WOMEN,Chamarajanagar 

CRIMINAL  TRESPASS,Chamarajanagar 

CRUELTY  BY  HUSBAND,Chamarajanagar 

Disobedience  to  Order  Promulgated  by  PublicServan,Chamarajanagar 

DOWRY  DEATHS,Chamarajanagar 

ELECTION,Chamarajanagar 

EXPLOSIVES,Chamarajanagar 

FORGERY,Chamarajanagar 

Human  Trafficking,Chamarajanagar 

INSULTING  MODESTY  OF  WOMEN  (EVE  TEASING),Chamarajanagar 

KARNATAKA  POLICE  ACT  1963,Chamarajanagar 

Karnataka  State  Local  Act,Chamarajanagar 

KIDNAPPING  AND  ABDUCTION,Chamarajanagar 

MISCHIEF,Chamarajanagar 

MISSING  PERSON,Chamarajanagar 

MOLESTATION,Chamarajanagar 

MOTOR  VEHICLE  ACCIDENTS  FATAL,Chamarajanagar 

MOTOR  VEHICLE  ACCIDENTS  NON,Chamarajanagar 

MURDER,Chamarajanagar 

NARCOTIC  DRUGS  &  PSHYCOTROPIC  SUBSTANCES,Chamarajanagar 

NEGLIGENT  ACT,Chamarajanagar 

OFFENCES  AGAINST  PUBLIC  SERVANTS  (Public  servant  is  a  victim),Chamarajanagar 

POCSO,Chamarajanagar 

PUBLIC  SAFETY,Chamarajanagar 

RAPE,Chamarajanagar 

RIOTS,Chamarajanagar 

ROBBERY,Chamarajanagar 

SCHEDULED  CASTE  AND  THE  SCHEDULED  TRIBES,Chamarajanagar 

SUICIDE,Chamarajanagar 

THEFT,Chamarajanagar 

CYBER  CRIME,Chickballapura 

ANIMAL,Chickballapura 

ARMS  ACT    1959,Chickballapura 

ARSON,Chickballapura 

ATTEMPT  TO  MURDER,Chickballapura 

Attempting  to  commit  offences,Chickballapura 

BURGLARY,Chickballapura 

BURGLARY,Chickballapura 

CASES  OF  HURT,Chickballapura 

CHEATING,Chickballapura 

CHILDREN  ACT,Chickballapura 

CONSUMER,Chickballapura 

COPY  RIGHT  ACT  1957,Chickballapura 

CRIMES  RELATED  TO  WOMEN,Chickballapura 

CRIMINAL  BREACH  OF  TRUST,Chickballapura 

CRIMINAL  INTIMIDATION,Chickballapura 

CRIMINAL  TRESPASS,Chickballapura 

CRUELTY  BY  HUSBAND,Chickballapura 

DEATHS,Chickballapura 

ELECTION,Chickballapura 

EXPLOSIVES,Chickballapura 

FORGERY,Chickballapura 

KARNATAKA  POLICE  ACT  1963,Chickballapura 

Karnataka  State  Local  Act,Chickballapura 

KIDNAPPING  AND  ABDUCTION,Chickballapura 

MISCHIEF,Chickballapura 

MISSING  PERSON,Chickballapura 

MOLESTATION,Chickballapura 

MOTOR  VEHICLE  ACCIDENTS  FATAL,Chickballapura 

MOTOR  VEHICLE  ACCIDENTS  NON,Chickballapura 

MURDER,Chickballapura 

NARCOTIC  DRUGS  &  PSHYCOTROPIC  SUBSTANCES,Chickballapura 

NEGLIGENT  ACT,Chickballapura 

OFFENCES  AGAINST  PUBLIC  SERVANTS  (Public  servant  is  a  victim),Chickballapura 

POCSO,Chickballapura 

PUBLIC  SAFETY,Chickballapura 

RAPE,Chickballapura 

RIOTS,Chickballapura 

ROBBERY,Chickballapura 

SCHEDULED  CASTE  AND  THE  SCHEDULED  TRIBES,Chickballapura 

SUICIDE,Chickballapura 

THEFT,Chickballapura 

CYBER  CRIME,Chikkamagaluru 

AFFRAY,Chikkamagaluru 

ANIMAL,Chikkamagaluru 

ARMS  ACT    1959,Chikkamagaluru 

ATTEMPT  TO  MURDER,Chikkamagaluru 

Attempting  to  commit  offences,Chikkamagaluru 

BURGLARY,Chikkamagaluru 

BURGLARY,Chikkamagaluru 

CASES  OF  HURT,Chikkamagaluru 

CHEATING,Chikkamagaluru 

CHILDREN  ACT,Chikkamagaluru 

CRIMES  RELATED  TO  WOMEN,Chikkamagaluru 

CRIMINAL  BREACH  OF  TRUST,Chikkamagaluru 

CRIMINAL  INTIMIDATION,Chikkamagaluru 

CRIMINAL  TRESPASS,Chikkamagaluru 

CRUELTY  BY  HUSBAND,Chikkamagaluru 

DACOITY,Chikkamagaluru 

EXPOSURE  AND  ABANDONMENT  OF  CHILD,Chikkamagaluru 

FORGERY,Chikkamagaluru 

KARNATAKA  POLICE  ACT  1963,Chikkamagaluru 

Karnataka  State  Local  Act,Chikkamagaluru 

KIDNAPPING  AND  ABDUCTION,Chikkamagaluru 

MISCHIEF,Chikkamagaluru 

MISSING  PERSON,Chikkamagaluru 

MOLESTATION,Chikkamagaluru 

MOTOR  VEHICLE  ACCIDENTS  FATAL,Chikkamagaluru 

MOTOR  VEHICLE  ACCIDENTS  NON,Chikkamagaluru 

MURDER,Chikkamagaluru 

NARCOTIC  DRUGS  &  PSHYCOTROPIC  SUBSTANCES,Chikkamagaluru 

NEGLIGENT  ACT,Chikkamagaluru 

OFFENCES  AGAINST  PUBLIC  SERVANTS  (Public  servant  is  a  victim),Chikkamagaluru 

POCSO,Chikkamagaluru 

PUBLIC  NUISANCE,Chikkamagaluru 

PUBLIC  SAFETY,Chikkamagaluru 

RAPE,Chikkamagaluru 

RIOTS,Chikkamagaluru 

ROBBERY,Chikkamagaluru 

SCHEDULED  CASTE  AND  THE  SCHEDULED  TRIBES,Chikkamagaluru 

SUICIDE,Chikkamagaluru 

THEFT,Chikkamagaluru 

AFFRAY,Chitradurga 

ATTEMPT  TO  MURDER,Chitradurga 

Attempting  to  commit  offences,Chitradurga 

BURGLARY,Chitradurga 

CASES  OF  HURT,Chitradurga 

CHEATING,Chitradurga 

CRIMES  RELATED  TO  WOMEN,Chitradurga 

CRIMINAL  INTIMIDATION,Chitradurga 

CRIMINAL  TRESPASS,Chitradurga 

CRUELTY  BY  HUSBAND,Chitradurga 

CULPABLE  HOMICIDE  NOT  AMOUNTING  TO  MURDER,Chitradurga 

ESCAPE  FROM  LAWFUL  CUSTODY  AND  RESISTANCE,Chitradurga 

KARNATAKA  POLICE  ACT  1963,Chitradurga 

Karnataka  State  Local  Act,Chitradurga 

KIDNAPPING  AND  ABDUCTION,Chitradurga 

MISSING  PERSON,Chitradurga 

MOLESTATION,Chitradurga 

MOTOR  VEHICLE  ACCIDENTS  FATAL,Chitradurga 

MOTOR  VEHICLE  ACCIDENTS  NON,Chitradurga 

MURDER,Chitradurga 

NARCOTIC  DRUGS  &  PSHYCOTROPIC  SUBSTANCES,Chitradurga 

NEGLIGENT  ACT,Chitradurga 

OFFENCES  AGAINST  PUBLIC  SERVANTS  (Public  servant  is  a  victim),Chitradurga 

POCSO,Chitradurga 

PUBLIC  SAFETY,Chitradurga 

RIOTS,Chitradurga 

ROBBERY,Chitradurga 

SCHEDULED  CASTE  AND  THE  SCHEDULED  TRIBES,Chitradurga 

THEFT,Chitradurga 

Karnataka  State  Local  Act,Coastal  Security  Police 

NARCOTIC  DRUGS  &  PSHYCOTROPIC  SUBSTANCES,Coastal  Security  Police 

CYBER  CRIME,Dakshina  Kannada 

REPRESENTATION  OF  PEOPLE  ACT  1951  &  1988,Dakshina  Kannada 

ARMS  ACT    1959,Dakshina  Kannada 

ARSON,Dakshina  Kannada 

ATTEMPT  TO  MURDER,Dakshina  Kannada 

Attempting  to  commit  offences,Dakshina  Kannada 

BURGLARY,Dakshina  Kannada 

BURGLARY,Dakshina  Kannada 

CASES  OF  HURT,Dakshina  Kannada 

CHEATING,Dakshina  Kannada 

CHILDREN  ACT,Dakshina  Kannada 

CRIMINAL  BREACH  OF  TRUST,Dakshina  Kannada 

CRIMINAL  INTIMIDATION,Dakshina  Kannada 

CRIMINAL  TRESPASS,Dakshina  Kannada 

CrPC,Dakshina  Kannada 

CRUELTY  BY  HUSBAND,Dakshina  Kannada 

DACOITY,Dakshina  Kannada 

Disobedience  to  Order  Promulgated  by  PublicServan,Dakshina  Kannada 

FORGERY,Dakshina  Kannada 

INDIAN  MOTOR  VEHICLE,Dakshina  Kannada 

INSULTING  MODESTY  OF  WOMEN  (EVE  TEASING),Dakshina  Kannada 

KARNATAKA  POLICE  ACT  1963,Dakshina  Kannada 

Karnataka  State  Local  Act,Dakshina  Kannada 

KIDNAPPING  AND  ABDUCTION,Dakshina  Kannada 

MISCHIEF,Dakshina  Kannada 

MISSING  PERSON,Dakshina  Kannada 

MOLESTATION,Dakshina  Kannada 

MOTOR  VEHICLE  ACCIDENTS  FATAL,Dakshina  Kannada 

MOTOR  VEHICLE  ACCIDENTS  NON,Dakshina  Kannada 

MURDER,Dakshina  Kannada 

NARCOTIC  DRUGS  &  PSHYCOTROPIC  SUBSTANCES,Dakshina  Kannada 

NEGLIGENT  ACT,Dakshina  Kannada 

OFFENCES  AGAINST  PUBLIC  SERVANTS  (Public  servant  is  a  victim),Dakshina  Kannada 

OFFENCES  PROMOTING  ENEMITY,Dakshina  Kannada 

POCSO,Dakshina  Kannada 

PUBLIC  NUISANCE,Dakshina  Kannada 

PUBLIC  SAFETY,Dakshina  Kannada 

RIOTS,Dakshina  Kannada 

ROBBERY,Dakshina  Kannada 

SCHEDULED  CASTE  AND  THE  SCHEDULED  TRIBES,Dakshina  Kannada 

SUICIDE,Dakshina  Kannada 

THEFT,Dakshina  Kannada 

CYBER  CRIME,Davanagere 

PREVENTION  OF  DAMAGE  TO  PUBLIC  PROPERTY  ACT  1984,Davanagere 

AFFRAY,Davanagere 

ANIMAL,Davanagere 

ARSON,Davanagere 

ATTEMPT  TO  MURDER,Davanagere 

Attempting  to  commit  offences,Davanagere 

BURGLARY,Davanagere 

CASES  OF  HURT,Davanagere 

CHEATING,Davanagere 

Concealment  of  birth  by  secret  disposal  of  Child,Davanagere 

CONSUMER,Davanagere 

CRIMES  RELATED  TO  WOMEN,Davanagere 

CRIMINAL  BREACH  OF  TRUST,Davanagere 

CRIMINAL  INTIMIDATION,Davanagere 

CRIMINAL  TRESPASS,Davanagere 

CRUELTY  BY  HUSBAND,Davanagere 

CULPABLE  HOMICIDE  NOT  AMOUNTING  TO  MURDER,Davanagere 

DACOITY,Davanagere 

Disobedience  to  Order  Promulgated  by  PublicServan,Davanagere 

ELECTION,Davanagere 

ESCAPE  FROM  LAWFUL  CUSTODY  AND  RESISTANCE,Davanagere 

EXPLOSIVES,Davanagere 

Failure  to  appear  to  Court,Davanagere 

FORGERY,Davanagere 

INSULTING  MODESTY  OF  WOMEN  (EVE  TEASING),Davanagere 

KARNATAKA  POLICE  ACT  1963,Davanagere 

Karnataka  State  Local  Act,Davanagere 

KIDNAPPING  AND  ABDUCTION,Davanagere 

MISCHIEF,Davanagere 

MISSING  PERSON,Davanagere 

MOLESTATION,Davanagere 

MOTOR  VEHICLE  ACCIDENTS  FATAL,Davanagere 

MOTOR  VEHICLE  ACCIDENTS  NON,Davanagere 

MURDER,Davanagere 

NARCOTIC  DRUGS  &  PSHYCOTROPIC  SUBSTANCES,Davanagere 

NEGLIGENT  ACT,Davanagere 

OFFENCES  AGAINST  PUBLIC  SERVANTS  (Public  servant  is  a  victim),Davanagere 

OFFENCES  PROMOTING  ENEMITY,Davanagere 

OFFICIAL  SECURITY  RELATED  ACTS,Davanagere 

POCSO,Davanagere 

PUBLIC  SAFETY,Davanagere 

RIOTS,Davanagere 

ROBBERY,Davanagere 

SCHEDULED  CASTE  AND  THE  SCHEDULED  TRIBES,Davanagere 

SUICIDE,Davanagere 

THEFT,Davanagere 

CYBER  CRIME,Dharwad 

REPRESENTATION  OF  PEOPLE  ACT  1951  &  1988,Dharwad 

AFFRAY,Dharwad 

ARSON,Dharwad 

ATTEMPT  TO  MURDER,Dharwad 

Attempting  to  commit  offences,Dharwad 

BURGLARY,Dharwad 

BURGLARY,Dharwad 

CASES  OF  HURT,Dharwad 

CHEATING,Dharwad 

CHILDREN  ACT,Dharwad 

COPY  RIGHT  ACT  1957,Dharwad 

CRIMINAL  BREACH  OF  TRUST,Dharwad 

CRIMINAL  INTIMIDATION,Dharwad 

CRIMINAL  TRESPASS,Dharwad 

CrPC,Dharwad 

CRUELTY  BY  HUSBAND,Dharwad 

CULPABLE  HOMICIDE  NOT  AMOUNTING  TO  MURDER,Dharwad 

DACOITY,Dharwad 

Disobedience  to  Order  Promulgated  by  PublicServan,Dharwad 

DOWRY  DEATHS,Dharwad 

EXPLOSIVES,Dharwad 

KARNATAKA  POLICE  ACT  1963,Dharwad 

Karnataka  State  Local  Act,Dharwad 

KIDNAPPING  AND  ABDUCTION,Dharwad 

MISCHIEF,Dharwad 

MISSING  PERSON,Dharwad 

MOLESTATION,Dharwad 

MOTOR  VEHICLE  ACCIDENTS  FATAL,Dharwad 

MOTOR  VEHICLE  ACCIDENTS  NON,Dharwad 

MURDER,Dharwad 

NARCOTIC  DRUGS  &  PSHYCOTROPIC  SUBSTANCES,Dharwad 

NEGLIGENT  ACT,Dharwad 

OFFENCES  AGAINST  PUBLIC  SERVANTS  (Public  servant  is  a  victim),Dharwad 

POCSO,Dharwad 

PUBLIC  SAFETY,Dharwad 

RIOTS,Dharwad 

ROBBERY,Dharwad 

SCHEDULED  CASTE  AND  THE  SCHEDULED  TRIBES,Dharwad 

SUICIDE,Dharwad 

THEFT,Dharwad 

CYBER  CRIME,Gadag 

REPRESENTATION  OF  PEOPLE  ACT  1951  &  1988,Gadag 

AFFRAY,Gadag 

ANIMAL,Gadag 

ATTEMPT  TO  MURDER,Gadag 

BURGLARY,Gadag 

BURGLARY,Gadag 

CASES  OF  HURT,Gadag 

CHEATING,Gadag 

CHILDREN  ACT,Gadag 

CONSUMER,Gadag 

CRIMES  RELATED  TO  WOMEN,Gadag 

CRIMINAL  BREACH  OF  TRUST,Gadag 

CRIMINAL  INTIMIDATION,Gadag 

CRIMINAL  TRESPASS,Gadag 

CrPC,Gadag 

CRUELTY  BY  HUSBAND,Gadag 

DACOITY,Gadag 

ELECTION,Gadag 

Failure  to  appear  to  Court,Gadag 

FALSE  EVIDENCE,Gadag 

FORGERY,Gadag 

INSULTING  MODESTY  OF  WOMEN  (EVE  TEASING),Gadag 

KARNATAKA  POLICE  ACT  1963,Gadag 

Karnataka  State  Local  Act,Gadag 

KIDNAPPING  AND  ABDUCTION,Gadag 

MISCHIEF,Gadag 

MISSING  PERSON,Gadag 

MOLESTATION,Gadag 

MOTOR  VEHICLE  ACCIDENTS  FATAL,Gadag 

MOTOR  VEHICLE  ACCIDENTS  NON,Gadag 

MURDER,Gadag 

NARCOTIC  DRUGS  &  PSHYCOTROPIC  SUBSTANCES,Gadag 

NEGLIGENT  ACT,Gadag 

OFFENCES  AGAINST  PUBLIC  SERVANTS  (Public  servant  is  a  victim),Gadag 

OFFENCES  BY  PUBLIC  SERVANTS  (EXCEPT  CORRUPTION)  (Public  servant  is  accused),Gadag 

POCSO,Gadag 

PUBLIC  SAFETY,Gadag 

RAPE,Gadag 

RIOTS,Gadag 

ROBBERY,Gadag 

SCHEDULED  CASTE  AND  THE  SCHEDULED  TRIBES,Gadag 

SUICIDE,Gadag 

THEFT,Gadag 

CYBER  CRIME,Hassan 

AFFRAY,Hassan 

ARSON,Hassan 

ATTEMPT  TO  MURDER,Hassan 

BURGLARY,Hassan 

BURGLARY,Hassan 

CASES  OF  HURT,Hassan 

CHEATING,Hassan 

CONSUMER,Hassan 

CRIMES  RELATED  TO  WOMEN,Hassan 

CRIMINAL  BREACH  OF  TRUST,Hassan 

CRIMINAL  INTIMIDATION,Hassan 

CRIMINAL  MISAPPROPRIATION,Hassan 

CRIMINAL  TRESPASS,Hassan 

CRUELTY  BY  HUSBAND,Hassan 

CULPABLE  HOMICIDE  NOT  AMOUNTING  TO  MURDER,Hassan 

EXPLOSIVES,Hassan 

FORGERY,Hassan 

INDIAN  MOTOR  VEHICLE,Hassan 

KARNATAKA  POLICE  ACT  1963,Hassan 

Karnataka  State  Local  Act,Hassan 

KIDNAPPING  AND  ABDUCTION,Hassan 

MISCHIEF,Hassan 

MISSING  PERSON,Hassan 

MOLESTATION,Hassan 

MOTOR  VEHICLE  ACCIDENTS  FATAL,Hassan 

MOTOR  VEHICLE  ACCIDENTS  NON,Hassan 

MURDER,Hassan 

NARCOTIC  DRUGS  &  PSHYCOTROPIC  SUBSTANCES,Hassan 

NEGLIGENT  ACT,Hassan 

OFFENCES  AGAINST  PUBLIC  SERVANTS  (Public  servant  is  a  victim),Hassan 

POCSO,Hassan 

PUBLIC  NUISANCE,Hassan 

PUBLIC  SAFETY,Hassan 

RAPE,Hassan 

RIOTS,Hassan 

ROBBERY,Hassan 

SCHEDULED  CASTE  AND  THE  SCHEDULED  TRIBES,Hassan 

SUICIDE,Hassan 

THEFT,Hassan 

CYBER  CRIME,Haveri 

AFFRAY,Haveri 

ANIMAL,Haveri 

ARSON,Haveri 

ATTEMPT  TO  MURDER,Haveri 

BURGLARY,Haveri 

BURGLARY,Haveri 

CASES  OF  HURT,Haveri 

CHEATING,Haveri 

CHILDREN  ACT,Haveri 

CONSUMER,Haveri 

CRIMES  RELATED  TO  WOMEN,Haveri 

CRIMINAL  BREACH  OF  TRUST,Haveri 

CRIMINAL  INTIMIDATION,Haveri 

CRIMINAL  TRESPASS,Haveri 

CRUELTY  BY  HUSBAND,Haveri 

Disobedience  to  Order  Promulgated  by  PublicServan,Haveri 

DOWRY  DEATHS,Haveri 

ELECTION,Haveri 

KARNATAKA  POLICE  ACT  1963,Haveri 

Karnataka  State  Local  Act,Haveri 

KIDNAPPING  AND  ABDUCTION,Haveri 

MISCHIEF,Haveri 

MISSING  PERSON,Haveri 

MOLESTATION,Haveri 

MOTOR  VEHICLE  ACCIDENTS  FATAL,Haveri 

MOTOR  VEHICLE  ACCIDENTS  NON,Haveri 

MURDER,Haveri 

NARCOTIC  DRUGS  &  PSHYCOTROPIC  SUBSTANCES,Haveri 

NEGLIGENT  ACT,Haveri 

POCSO,Haveri 

PUBLIC  SAFETY,Haveri 

RIOTS,Haveri 

ROBBERY,Haveri 

SCHEDULED  CASTE  AND  THE  SCHEDULED  TRIBES,Haveri 

SUICIDE,Haveri 

THEFT,Haveri 

CYBER  CRIME,Hubballi  Dharwad  City 

REPRESENTATION  OF  PEOPLE  ACT  1951  &  1988,Hubballi  Dharwad  City 

AFFRAY,Hubballi  Dharwad  City 

ANIMAL,Hubballi  Dharwad  City 

ARMS  ACT    1959,Hubballi  Dharwad  City 

ARSON,Hubballi  Dharwad  City 

ATTEMPT  TO  MURDER,Hubballi  Dharwad  City 

Attempting  to  commit  offences,Hubballi  Dharwad  City 

BURGLARY,Hubballi  Dharwad  City 

BURGLARY,Hubballi  Dharwad  City 

CASES  OF  HURT,Hubballi  Dharwad  City 

CHEATING,Hubballi  Dharwad  City 

CONSUMER,Hubballi  Dharwad  City 

CRIMES  RELATED  TO  WOMEN,Hubballi  Dharwad  City 

CRIMINAL  BREACH  OF  TRUST,Hubballi  Dharwad  City 

CRIMINAL  INTIMIDATION,Hubballi  Dharwad  City 

CRIMINAL  TRESPASS,Hubballi  Dharwad  City 

CrPC,Hubballi  Dharwad  City 

CRUELTY  BY  HUSBAND,Hubballi  Dharwad  City 

DACOITY,Hubballi  Dharwad  City 

Disobedience  to  Order  Promulgated  by  PublicServan,Hubballi  Dharwad  City 

FORGERY,Hubballi  Dharwad  City 

Human  Trafficking,Hubballi  Dharwad  City 

IMMORAL  TRAFFIC,Hubballi  Dharwad  City 

KARNATAKA  POLICE  ACT  1963,Hubballi  Dharwad  City 

Karnataka  State  Local  Act,Hubballi  Dharwad  City 

KIDNAPPING  AND  ABDUCTION,Hubballi  Dharwad  City 

MISCHIEF,Hubballi  Dharwad  City 

MISSING  PERSON,Hubballi  Dharwad  City 

MOLESTATION,Hubballi  Dharwad  City 

MOTOR  VEHICLE  ACCIDENTS  FATAL,Hubballi  Dharwad  City 

MOTOR  VEHICLE  ACCIDENTS  NON,Hubballi  Dharwad  City 

MURDER,Hubballi  Dharwad  City 

NARCOTIC  DRUGS  &  PSHYCOTROPIC  SUBSTANCES,Hubballi  Dharwad  City 

NEGLIGENT  ACT,Hubballi  Dharwad  City 

OFFENCES  AGAINST  PUBLIC  SERVANTS  (Public  servant  is  a  victim),Hubballi  Dharwad  City 

OFFENCES  BY  PUBLIC  SERVANTS  (EXCEPT  CORRUPTION)  (Public  servant  is  accused),Hubballi  Dharwad  City 

POCSO,Hubballi  Dharwad  City 

PUBLIC  NUISANCE,Hubballi  Dharwad  City 

PUBLIC  SAFETY,Hubballi  Dharwad  City 

RAPE,Hubballi  Dharwad  City 

RIOTS,Hubballi  Dharwad  City 

ROBBERY,Hubballi  Dharwad  City 

SCHEDULED  CASTE  AND  THE  SCHEDULED  TRIBES,Hubballi  Dharwad  City 

SUICIDE,Hubballi  Dharwad  City 

THEFT,Hubballi  Dharwad  City 

UNNATURAL  SEX,Hubballi  Dharwad  City 

CYBER  CRIME,K.G.F 

AFFRAY,K.G.F 

ANIMAL,K.G.F 

ATTEMPT  TO  MURDER,K.G.F 

BURGLARY,K.G.F 

BURGLARY,K.G.F 

CASES  OF  HURT,K.G.F 

CHEATING,K.G.F 

CONSUMER,K.G.F 

CRIMES  RELATED  TO  WOMEN,K.G.F 

CRIMINAL  INTIMIDATION,K.G.F 

CRUELTY  BY  HUSBAND,K.G.F 

DACOITY,K.G.F 

Disobedience  to  Order  Promulgated  by  PublicServan,K.G.F 

DOWRY  DEATHS,K.G.F 

FORGERY,K.G.F 

KARNATAKA  POLICE  ACT  1963,K.G.F 

Karnataka  State  Local  Act,K.G.F 

KIDNAPPING  AND  ABDUCTION,K.G.F 

MISCHIEF,K.G.F 

MISSING  PERSON,K.G.F 

MOLESTATION,K.G.F 

MOTOR  VEHICLE  ACCIDENTS  FATAL,K.G.F 

MOTOR  VEHICLE  ACCIDENTS  NON,K.G.F 

MURDER,K.G.F 

NARCOTIC  DRUGS  &  PSHYCOTROPIC  SUBSTANCES,K.G.F 

OFFENCES  AGAINST  PUBLIC  SERVANTS  (Public  servant  is  a  victim),K.G.F 

POCSO,K.G.F 

RAPE,K.G.F 

RIOTS,K.G.F 

ROBBERY,K.G.F 

SCHEDULED  CASTE  AND  THE  SCHEDULED  TRIBES,K.G.F 

SUICIDE,K.G.F 

THEFT,K.G.F 

CYBER  CRIME,Kalaburagi  City 

REPRESENTATION  OF  PEOPLE  ACT  1951  &  1988,Kalaburagi  City 

AFFRAY,Kalaburagi  City 

ANIMAL,Kalaburagi  City 

ATTEMPT  TO  MURDER,Kalaburagi  City 

Attempting  to  commit  offences,Kalaburagi  City 

BURGLARY,Kalaburagi  City 

BURGLARY,Kalaburagi  City 

CASES  OF  HURT,Kalaburagi  City 

CHEATING,Kalaburagi  City 

CONSUMER,Kalaburagi  City 

CRIMES  RELATED  TO  WOMEN,Kalaburagi  City 

CRIMINAL  BREACH  OF  TRUST,Kalaburagi  City 

CRIMINAL  INTIMIDATION,Kalaburagi  City 

CRIMINAL  TRESPASS,Kalaburagi  City 

CRUELTY  BY  HUSBAND,Kalaburagi  City 

CULPABLE  HOMICIDE  NOT  AMOUNTING  TO  MURDER,Kalaburagi  City 

DACOITY,Kalaburagi  City 

Disobedience  to  Order  Promulgated  by  PublicServan,Kalaburagi  City 

ELECTION,Kalaburagi  City 

FORGERY,Kalaburagi  City 

IMMORAL  TRAFFIC,Kalaburagi  City 

INSULTING  MODESTY  OF  WOMEN  (EVE  TEASING),Kalaburagi  City 

KARNATAKA  POLICE  ACT  1963,Kalaburagi  City 

Karnataka  State  Local  Act,Kalaburagi  City 

KIDNAPPING  AND  ABDUCTION,Kalaburagi  City 

MISCHIEF,Kalaburagi  City 

MISSING  PERSON,Kalaburagi  City 

MOLESTATION,Kalaburagi  City 

MOTOR  VEHICLE  ACCIDENTS  FATAL,Kalaburagi  City 

MOTOR  VEHICLE  ACCIDENTS  NON,Kalaburagi  City 

MURDER,Kalaburagi  City 

NARCOTIC  DRUGS  &  PSHYCOTROPIC  SUBSTANCES,Kalaburagi  City 

NEGLIGENT  ACT,Kalaburagi  City 

OFFENCES  AGAINST  PUBLIC  SERVANTS  (Public  servant  is  a  victim),Kalaburagi  City 

OFFENCES  RELATED  TO  MARRIAGE,Kalaburagi  City 

POCSO,Kalaburagi  City 

PUBLIC  NUISANCE,Kalaburagi  City 

PUBLIC  SAFETY,Kalaburagi  City 

RAPE,Kalaburagi  City 

RIOTS,Kalaburagi  City 

ROBBERY,Kalaburagi  City 

SCHEDULED  CASTE  AND  THE  SCHEDULED  TRIBES,Kalaburagi  City 

SUICIDE,Kalaburagi  City 

THEFT,Kalaburagi  City 

CYBER  CRIME,Kalaburagi 

AFFRAY,Kalaburagi 

ANIMAL,Kalaburagi 

ARSON,Kalaburagi 

ATTEMPT  TO  MURDER,Kalaburagi 

Attempting  to  commit  offences,Kalaburagi 

BURGLARY,Kalaburagi 

BURGLARY,Kalaburagi 

CASES  OF  HURT,Kalaburagi 

CHEATING,Kalaburagi 

CHILDREN  ACT,Kalaburagi 

CONSUMER,Kalaburagi 

CRIMES  RELATED  TO  WOMEN,Kalaburagi 

CRIMINAL  BREACH  OF  TRUST,Kalaburagi 

CRIMINAL  INTIMIDATION,Kalaburagi 

CRUELTY  BY  HUSBAND,Kalaburagi 

ELECTION,Kalaburagi 

FORGERY,Kalaburagi 

KARNATAKA  POLICE  ACT  1963,Kalaburagi 

Karnataka  State  Local  Act,Kalaburagi 

KIDNAPPING  AND  ABDUCTION,Kalaburagi 

MISSING  PERSON,Kalaburagi 

MOLESTATION,Kalaburagi 

MOTOR  VEHICLE  ACCIDENTS  FATAL,Kalaburagi 

MOTOR  VEHICLE  ACCIDENTS  NON,Kalaburagi 

MURDER,Kalaburagi 

NARCOTIC  DRUGS  &  PSHYCOTROPIC  SUBSTANCES,Kalaburagi 

OFFENCES  AGAINST  PUBLIC  SERVANTS  (Public  servant  is  a  victim),Kalaburagi 

POCSO,Kalaburagi 

RAPE,Kalaburagi 

RIOTS,Kalaburagi 

SCHEDULED  CASTE  AND  THE  SCHEDULED  TRIBES,Kalaburagi 

SUICIDE,Kalaburagi 

THEFT,Kalaburagi 

AFFRAY,Karnataka  Railways 

ASSAULT,Karnataka  Railways 

ATTEMPT  TO  MURDER,Karnataka  Railways 

BURGLARY,Karnataka  Railways 

CASES  OF  HURT,Karnataka  Railways 

CrPC,Karnataka  Railways 

DEFAMATION,Karnataka  Railways 

EXPOSURE  AND  ABANDONMENT  OF  CHILD,Karnataka  Railways 

KARNATAKA  POLICE  ACT  1963,Karnataka  Railways 

Karnataka  State  Local  Act,Karnataka  Railways 

MISCHIEF,Karnataka  Railways 

MISSING  PERSON,Karnataka  Railways 

MOLESTATION,Karnataka  Railways 

MOTOR  VEHICLE  ACCIDENTS  NON,Karnataka  Railways 

MURDER,Karnataka  Railways 

NARCOTIC  DRUGS  &  PSHYCOTROPIC  SUBSTANCES,Karnataka  Railways 

OFFENCES  AGAINST  PUBLIC  SERVANTS  (Public  servant  is  a  victim),Karnataka  Railways 

RAILWAYS  ACT,Karnataka  Railways 

ROBBERY,Karnataka  Railways 

SUICIDE,Karnataka  Railways 

THEFT,Karnataka  Railways 

CYBER  CRIME,Kodagu 

AFFRAY,Kodagu 

ANIMAL,Kodagu 

ARMS  ACT    1959,Kodagu 

ARSON,Kodagu 

ASSAULT,Kodagu 

ATTEMPT  TO  MURDER,Kodagu 

Attempting  to  commit  offences,Kodagu 

BURGLARY,Kodagu 

BURGLARY,Kodagu 

CASES  OF  HURT,Kodagu 

CHEATING,Kodagu 

Concealment  of  birth  by  secret  disposal  of  Child,Kodagu 

COTPA,  CIGARETTES  AND  OTHER  TOBACCO  PRODUCTS,Kodagu 

CRIMES  RELATED  TO  WOMEN,Kodagu 

CRIMINAL  BREACH  OF  TRUST,Kodagu 

CRIMINAL  INTIMIDATION,Kodagu 

CRIMINAL  TRESPASS,Kodagu 

CrPC,Kodagu 

CRUELTY  BY  HUSBAND,Kodagu 

DOWRY  DEATHS,Kodagu 

ELECTION,Kodagu 

EXPLOSIVES,Kodagu 

IMMORAL  TRAFFIC,Kodagu 

KARNATAKA  POLICE  ACT  1963,Kodagu 

Karnataka  State  Local  Act,Kodagu 

KIDNAPPING  AND  ABDUCTION,Kodagu 

MISCHIEF,Kodagu 

MISSING  PERSON,Kodagu 

MOLESTATION,Kodagu 

MOTOR  VEHICLE  ACCIDENTS  FATAL,Kodagu 

MOTOR  VEHICLE  ACCIDENTS  NON,Kodagu 

MURDER,Kodagu 

NARCOTIC  DRUGS  &  PSHYCOTROPIC  SUBSTANCES,Kodagu 

NEGLIGENT  ACT,Kodagu 

OF  ABETMENT,Kodagu 

OFFENCES  AGAINST  PUBLIC  SERVANTS  (Public  servant  is  a  victim),Kodagu 

OFFENCES  PROMOTING  ENEMITY,Kodagu 

POCSO,Kodagu 

PUBLIC  NUISANCE,Kodagu 

PUBLIC  SAFETY,Kodagu 

RAPE,Kodagu 

RIOTS,Kodagu 

SCHEDULED  CASTE  AND  THE  SCHEDULED  TRIBES,Kodagu 

SUICIDE,Kodagu 

THEFT,Kodagu 

CYBER  CRIME,Kolar 

ARMS  ACT    1959,Kolar 

ARSON,Kolar 

ATTEMPT  TO  MURDER,Kolar 

Attempting  to  commit  offences,Kolar 

BURGLARY,Kolar 

CASES  OF  HURT,Kolar 

CHEATING,Kolar 

CRIMES  RELATED  TO  WOMEN,Kolar 

CRIMINAL  BREACH  OF  TRUST,Kolar 

CRIMINAL  INTIMIDATION,Kolar 

CRIMINAL  TRESPASS,Kolar 

CRUELTY  BY  HUSBAND,Kolar 

CULPABLE  HOMICIDE  NOT  AMOUNTING  TO  MURDER,Kolar 

Disobedience  to  Order  Promulgated  by  PublicServan,Kolar 

KARNATAKA  POLICE  ACT  1963,Kolar 

Karnataka  State  Local  Act,Kolar 

KIDNAPPING  AND  ABDUCTION,Kolar 

MISSING  PERSON,Kolar 

MOLESTATION,Kolar 

MOTOR  VEHICLE  ACCIDENTS  FATAL,Kolar 

MOTOR  VEHICLE  ACCIDENTS  NON,Kolar 

MURDER,Kolar 

NARCOTIC  DRUGS  &  PSHYCOTROPIC  SUBSTANCES,Kolar 

NEGLIGENT  ACT,Kolar 

OFFENCES  AGAINST  PUBLIC  SERVANTS  (Public  servant  is  a  victim),Kolar 

POCSO,Kolar 

PUBLIC  NUISANCE,Kolar 

PUBLIC  SAFETY,Kolar 

RIOTS,Kolar 

ROBBERY,Kolar 

SCHEDULED  CASTE  AND  THE  SCHEDULED  TRIBES,Kolar 

SUICIDE,Kolar 

THEFT,Kolar 

CYBER  CRIME,Koppal 

REPRESENTATION  OF  PEOPLE  ACT  1951  &  1988,Koppal 

ADULTERATION,Koppal 

AFFRAY,Koppal 

ANIMAL,Koppal 

ARSON,Koppal 

ATTEMPT  TO  MURDER,Koppal 

Attempting  to  commit  offences,Koppal 

BURGLARY,Koppal 

BURGLARY,Koppal 

CASES  OF  HURT,Koppal 

CHEATING,Koppal 

CHILDREN  ACT,Koppal 

Concealment  of  birth  by  secret  disposal  of  Child,Koppal 

CONSUMER,Koppal 

CRIMINAL  BREACH  OF  TRUST,Koppal 

CRIMINAL  INTIMIDATION,Koppal 

CRIMINAL  TRESPASS,Koppal 

CRUELTY  BY  HUSBAND,Koppal 

DACOITY,Koppal 

Disobedience  to  Order  Promulgated  by  PublicServan,Koppal 

DOWRY  DEATHS,Koppal 

ELECTION,Koppal 

EXPLOSIVES,Koppal 

EXPOSURE  AND  ABANDONMENT  OF  CHILD,Koppal 

FORGERY,Koppal 

IMMORAL  TRAFFIC,Koppal 

KARNATAKA  POLICE  ACT  1963,Koppal 

Karnataka  State  Local  Act,Koppal 

KIDNAPPING  AND  ABDUCTION,Koppal 

MISCHIEF,Koppal 

MISSING  PERSON,Koppal 

MOLESTATION,Koppal 

MOTOR  VEHICLE  ACCIDENTS  FATAL,Koppal 

MOTOR  VEHICLE  ACCIDENTS  NON,Koppal 

MURDER,Koppal 

NARCOTIC  DRUGS  &  PSHYCOTROPIC  SUBSTANCES,Koppal 

NEGLIGENT  ACT,Koppal 

OFFENCES  AGAINST  PUBLIC  SERVANTS  (Public  servant  is  a  victim),Koppal 

OFFENCES  BY  PUBLIC  SERVANTS  (EXCEPT  CORRUPTION)  (Public  servant  is  accused),Koppal 

POCSO,Koppal 

PUBLIC  SAFETY,Koppal 

RAPE,Koppal 

RIOTS,Koppal 

ROBBERY,Koppal 

SCHEDULED  CASTE  AND  THE  SCHEDULED  TRIBES,Koppal 

SUICIDE,Koppal 

THEFT,Koppal 

CYBER  CRIME,Mandya 

ANIMAL,Mandya 

ARMS  ACT    1959,Mandya 

ARSON,Mandya 

ATTEMPT  TO  MURDER,Mandya 

BURGLARY,Mandya 

BURGLARY,Mandya 

CASES  OF  HURT,Mandya 

CHEATING,Mandya 

CHILDREN  ACT,Mandya 

CONSUMER,Mandya 

CRIMES  RELATED  TO  WOMEN,Mandya 

CRIMINAL  INTIMIDATION,Mandya 

CRIMINAL  TRESPASS,Mandya 

CRUELTY  BY  HUSBAND,Mandya 

ELECTION,Mandya 

EXPLOSIVES,Mandya 

EXPOSURE  AND  ABANDONMENT  OF  CHILD,Mandya 

IMMORAL  TRAFFIC,Mandya 

INDIAN  ELECTRICITY  ACT,Mandya 

KARNATAKA  POLICE  ACT  1963,Mandya 

Karnataka  State  Local  Act,Mandya 

KIDNAPPING  AND  ABDUCTION,Mandya 

MISCHIEF,Mandya 

MISSING  PERSON,Mandya 

MOLESTATION,Mandya 

MOTOR  VEHICLE  ACCIDENTS  FATAL,Mandya 

MOTOR  VEHICLE  ACCIDENTS  NON,Mandya 

MURDER,Mandya 

NEGLIGENT  ACT,Mandya 

OFFENCES  AGAINST  PUBLIC  SERVANTS  (Public  servant  is  a  victim),Mandya 

POCSO,Mandya 

PUBLIC  JUSTICE,Mandya 

PUBLIC  SAFETY,Mandya 

RIOTS,Mandya 

ROBBERY,Mandya 

SCHEDULED  CASTE  AND  THE  SCHEDULED  TRIBES,Mandya 

THEFT,Mandya 

CYBER  CRIME,Mangaluru  City 

AFFRAY,Mangaluru  City 

ANIMAL,Mangaluru  City 

ARMS  ACT    1959,Mangaluru  City 

ASSAULT,Mangaluru  City 

ATTEMPT  TO  MURDER,Mangaluru  City 

Attempting  to  commit  offences,Mangaluru  City 

BURGLARY,Mangaluru  City 

BURGLARY,Mangaluru  City 

CASES  OF  HURT,Mangaluru  City 

CHEATING,Mangaluru  City 

COPY  RIGHT  ACT  1957,Mangaluru  City 

COUNTERFEITING,Mangaluru  City 

CRIMES  RELATED  TO  WOMEN,Mangaluru  City 

CRIMINAL  BREACH  OF  TRUST,Mangaluru  City 

CRIMINAL  CONSPIRACY,Mangaluru  City 

CRIMINAL  INTIMIDATION,Mangaluru  City 

CRIMINAL  TRESPASS,Mangaluru  City 

CRUELTY  BY  HUSBAND,Mangaluru  City 

DACOITY,Mangaluru  City 

DOWRY  DEATHS,Mangaluru  City 

ESCAPE  FROM  LAWFUL  CUSTODY  AND  RESISTANCE,Mangaluru  City 

EXPLOSIVES,Mangaluru  City 

FORGERY,Mangaluru  City 

Human  Trafficking,Mangaluru  City 

IMMORAL  TRAFFIC,Mangaluru  City 

KARNATAKA  POLICE  ACT  1963,Mangaluru  City 

Karnataka  State  Local  Act,Mangaluru  City 

KIDNAPPING  AND  ABDUCTION,Mangaluru  City 

MISCHIEF,Mangaluru  City 

MISSING  PERSON,Mangaluru  City 

MOLESTATION,Mangaluru  City 

MOTOR  VEHICLE  ACCIDENTS  FATAL,Mangaluru  City 

MOTOR  VEHICLE  ACCIDENTS  NON,Mangaluru  City 

MURDER,Mangaluru  City 

NARCOTIC  DRUGS  &  PSHYCOTROPIC  SUBSTANCES,Mangaluru  City 

NEGLIGENT  ACT,Mangaluru  City 

OFFENCES  AGAINST  PUBLIC  SERVANTS  (Public  servant  is  a  victim),Mangaluru  City 

OFFENCES  PROMOTING  ENEMITY,Mangaluru  City 

POCSO,Mangaluru  City 

PUBLIC  NUISANCE,Mangaluru  City 

PUBLIC  SAFETY,Mangaluru  City 

RAPE,Mangaluru  City 

RIOTS,Mangaluru  City 

ROBBERY,Mangaluru  City 

SCHEDULED  CASTE  AND  THE  SCHEDULED  TRIBES,Mangaluru  City 

SUICIDE,Mangaluru  City 

THEFT,Mangaluru  City 

CYBER  CRIME,Mysuru  City 

AFFRAY,Mysuru  City 

ANIMAL,Mysuru  City 

ARSON,Mysuru  City 

ATTEMPT  TO  MURDER,Mysuru  City 

BURGLARY,Mysuru  City 

BURGLARY,Mysuru  City 

CASES  OF  HURT,Mysuru  City 

CHEATING,Mysuru  City 

CONSUMER,Mysuru  City 

COPY  RIGHT  ACT  1957,Mysuru  City 

CRIMES  RELATED  TO  WOMEN,Mysuru  City 

CRIMINAL  BREACH  OF  TRUST,Mysuru  City 

CRIMINAL  INTIMIDATION,Mysuru  City 

CRIMINAL  TRESPASS,Mysuru  City 

CrPC,Mysuru  City 

CRUELTY  BY  HUSBAND,Mysuru  City 

DACOITY,Mysuru  City 

Disobedience  to  Order  Promulgated  by  PublicServan,Mysuru  City 

DOWRY  DEATHS,Mysuru  City 

ELECTION,Mysuru  City 

FOREST,Mysuru  City 

FORGERY,Mysuru  City 

IMMORAL  TRAFFIC,Mysuru  City 

INSULTING  MODESTY  OF  WOMEN  (EVE  TEASING),Mysuru  City 

KARNATAKA  POLICE  ACT  1963,Mysuru  City 

Karnataka  State  Local  Act,Mysuru  City 

KIDNAPPING  AND  ABDUCTION,Mysuru  City 

MISCHIEF,Mysuru  City 

MISSING  PERSON,Mysuru  City 

MOLESTATION,Mysuru  City 

MOTOR  VEHICLE  ACCIDENTS  FATAL,Mysuru  City 

MOTOR  VEHICLE  ACCIDENTS  NON,Mysuru  City 

MURDER,Mysuru  City 

NARCOTIC  DRUGS  &  PSHYCOTROPIC  SUBSTANCES,Mysuru  City 

NEGLIGENT  ACT,Mysuru  City 

OFFENCES  AGAINST  PUBLIC  SERVANTS  (Public  servant  is  a  victim),Mysuru  City 

OFFENCES  RELATED  TO  MARRIAGE,Mysuru  City 

POCSO,Mysuru  City 

PUBLIC  SAFETY,Mysuru  City 

RIOTS,Mysuru  City 

ROBBERY,Mysuru  City 

SCHEDULED  CASTE  AND  THE  SCHEDULED  TRIBES,Mysuru  City 

SUICIDE,Mysuru  City 

THEFT,Mysuru  City 

CYBER  CRIME,Mysuru  Dist 

ARSON,Mysuru  Dist 

ATTEMPT  TO  MURDER,Mysuru  Dist 

Attempting  to  commit  offences,Mysuru  Dist 

BURGLARY,Mysuru  Dist 

BURGLARY,Mysuru  Dist 

CASES  OF  HURT,Mysuru  Dist 

CHEATING,Mysuru  Dist 

CRIMINAL  BREACH  OF  TRUST,Mysuru  Dist 

CRIMINAL  INTIMIDATION,Mysuru  Dist 

CRIMINAL  TRESPASS,Mysuru  Dist 

CRUELTY  BY  HUSBAND,Mysuru  Dist 

Disobedience  to  Order  Promulgated  by  PublicServan,Mysuru  Dist 

FORGERY,Mysuru  Dist 

IMMORAL  TRAFFIC,Mysuru  Dist 

KARNATAKA  POLICE  ACT  1963,Mysuru  Dist 

Karnataka  State  Local  Act,Mysuru  Dist 

KIDNAPPING  AND  ABDUCTION,Mysuru  Dist 

MISCHIEF,Mysuru  Dist 

MISSING  PERSON,Mysuru  Dist 

MOLESTATION,Mysuru  Dist 

MOTOR  VEHICLE  ACCIDENTS  FATAL,Mysuru  Dist 

MOTOR  VEHICLE  ACCIDENTS  NON,Mysuru  Dist 

MURDER,Mysuru  Dist 

OF  ABETMENT,Mysuru  Dist 

OFFENCES  AGAINST  PUBLIC  SERVANTS  (Public  servant  is  a  victim),Mysuru  Dist 

POCSO,Mysuru  Dist 

PUBLIC  SAFETY,Mysuru  Dist 

RAPE,Mysuru  Dist 

RIOTS,Mysuru  Dist 

ROBBERY,Mysuru  Dist 

SCHEDULED  CASTE  AND  THE  SCHEDULED  TRIBES,Mysuru  Dist 

SUICIDE,Mysuru  Dist 

THEFT,Mysuru  Dist 

CYBER  CRIME,Raichur 

ADULTERATION,Raichur 

ANTIQUES  (CULTURAL  PROPERTY),Raichur 

ARMS  ACT    1959,Raichur 

ARSON,Raichur 

ATTEMPT  TO  MURDER,Raichur 

BURGLARY,Raichur 

BURGLARY,Raichur 

CASES  OF  HURT,Raichur 

CHEATING,Raichur 

CHILDREN  ACT,Raichur 

Concealment  of  birth  by  secret  disposal  of  Child,Raichur 

CONSUMER,Raichur 

CRIMES  RELATED  TO  WOMEN,Raichur 

CRIMINAL  BREACH  OF  TRUST,Raichur 

CRIMINAL  INTIMIDATION,Raichur 

CRIMINAL  TRESPASS,Raichur 

CRUELTY  BY  HUSBAND,Raichur 

ELECTION,Raichur 

EXPLOSIVES,Raichur 

INDIAN  MOTOR  VEHICLE,Raichur 

KARNATAKA  POLICE  ACT  1963,Raichur 

Karnataka  State  Local  Act,Raichur 

KIDNAPPING  AND  ABDUCTION,Raichur 

MISCHIEF,Raichur 

MISSING  PERSON,Raichur 

MOLESTATION,Raichur 

MOTOR  VEHICLE  ACCIDENTS  FATAL,Raichur 

MOTOR  VEHICLE  ACCIDENTS  NON,Raichur 

MURDER,Raichur 

NEGLIGENT  ACT,Raichur 

OFFENCES  AGAINST  PUBLIC  SERVANTS  (Public  servant  is  a  victim),Raichur 

POCSO,Raichur 

POISONING,Raichur 

PUBLIC  SAFETY,Raichur 

RAPE,Raichur 

RIOTS,Raichur 

ROBBERY,Raichur 

SCHEDULED  CASTE  AND  THE  SCHEDULED  TRIBES,Raichur 

SUICIDE,Raichur 

THEFT,Raichur 

CYBER  CRIME,Ramanagara 

ANIMAL,Ramanagara 

ARSON,Ramanagara 

ATTEMPT  TO  MURDER,Ramanagara 

Attempting  to  commit  offences,Ramanagara 

BURGLARY,Ramanagara 

BURGLARY,Ramanagara 

CASES  OF  HURT,Ramanagara 

CHEATING,Ramanagara 

CHILDREN  ACT,Ramanagara 

Concealment  of  birth  by  secret  disposal  of  Child,Ramanagara 

CRIMES  RELATED  TO  WOMEN,Ramanagara 

CRIMINAL  INTIMIDATION,Ramanagara 

CRIMINAL  TRESPASS,Ramanagara 

CRUELTY  BY  HUSBAND,Ramanagara 

CULPABLE  HOMICIDE  NOT  AMOUNTING  TO  MURDER,Ramanagara 

DACOITY,Ramanagara 

Disobedience  to  Order  Promulgated  by  PublicServan,Ramanagara 

EXPLOSIVES,Ramanagara 

INSULTING  MODESTY  OF  WOMEN  (EVE  TEASING),Ramanagara 

KARNATAKA  POLICE  ACT  1963,Ramanagara 

Karnataka  State  Local  Act,Ramanagara 

KIDNAPPING  AND  ABDUCTION,Ramanagara 

MISSING  PERSON,Ramanagara 

MOLESTATION,Ramanagara 

MOTOR  VEHICLE  ACCIDENTS  FATAL,Ramanagara 

MOTOR  VEHICLE  ACCIDENTS  NON,Ramanagara 

MURDER,Ramanagara 

NARCOTIC  DRUGS  &  PSHYCOTROPIC  SUBSTANCES,Ramanagara 

NEGLIGENT  ACT,Ramanagara 

OFFENCES  AGAINST  PUBLIC  SERVANTS  (Public  servant  is  a  victim),Ramanagara 

POCSO,Ramanagara 

PUBLIC  NUISANCE,Ramanagara 

PUBLIC  SAFETY,Ramanagara 

RIOTS,Ramanagara 

ROBBERY,Ramanagara 

SCHEDULED  CASTE  AND  THE  SCHEDULED  TRIBES,Ramanagara 

SUICIDE,Ramanagara 

THEFT,Ramanagara 

CYBER  CRIME,Shivamogga 

REPRESENTATION  OF  PEOPLE  ACT  1951  &  1988,Shivamogga 

AFFRAY,Shivamogga 

ANIMAL,Shivamogga 

ANTIQUES  (CULTURAL  PROPERTY),Shivamogga 

ARMS  ACT    1959,Shivamogga 

ATTEMPT  TO  MURDER,Shivamogga 

BURGLARY,Shivamogga 

BURGLARY,Shivamogga 

CASES  OF  HURT,Shivamogga 

CHEATING,Shivamogga 

CONSUMER,Shivamogga 

CRIMES  RELATED  TO  WOMEN,Shivamogga 

CRIMINAL  BREACH  OF  TRUST,Shivamogga 

CRIMINAL  INTIMIDATION,Shivamogga 

CRIMINAL  TRESPASS,Shivamogga 

CRUELTY  BY  HUSBAND,Shivamogga 

CULPABLE  HOMICIDE  NOT  AMOUNTING  TO  MURDER,Shivamogga 

DACOITY,Shivamogga 

Disobedience  to  Order  Promulgated  by  PublicServan,Shivamogga 

DOWRY  DEATHS,Shivamogga 

EXPLOSIVES,Shivamogga 

IMMORAL  TRAFFIC,Shivamogga 

KARNATAKA  POLICE  ACT  1963,Shivamogga 

Karnataka  State  Local  Act,Shivamogga 

KIDNAPPING  AND  ABDUCTION,Shivamogga 

MISSING  PERSON,Shivamogga 

MOLESTATION,Shivamogga 

MOTOR  VEHICLE  ACCIDENTS  FATAL,Shivamogga 

MOTOR  VEHICLE  ACCIDENTS  NON,Shivamogga 

MURDER,Shivamogga 

NARCOTIC  DRUGS  &  PSHYCOTROPIC  SUBSTANCES,Shivamogga 

NEGLIGENT  ACT,Shivamogga 

OFFENCES  AGAINST  PUBLIC  SERVANTS  (Public  servant  is  a  victim),Shivamogga 

POCSO,Shivamogga 

RIOTS,Shivamogga 

ROBBERY,Shivamogga 

SCHEDULED  CASTE  AND  THE  SCHEDULED  TRIBES,Shivamogga 

SUICIDE,Shivamogga 

THEFT,Shivamogga 

CYBER  CRIME,Tumakuru 

AFFRAY,Tumakuru 

ANIMAL,Tumakuru 

ARMS  ACT    1959,Tumakuru 

ARSON,Tumakuru 

ATTEMPT  TO  MURDER,Tumakuru 

Attempting  to  commit  offences,Tumakuru 

BURGLARY,Tumakuru 

BURGLARY,Tumakuru 

CASES  OF  HURT,Tumakuru 

CHEATING,Tumakuru 

CHILDREN  ACT,Tumakuru 

Concealment  of  birth  by  secret  disposal  of  Child,Tumakuru 

CRIMES  RELATED  TO  WOMEN,Tumakuru 

CRIMINAL  BREACH  OF  TRUST,Tumakuru 

CRIMINAL  INTIMIDATION,Tumakuru 

CRIMINAL  TRESPASS,Tumakuru 

CrPC,Tumakuru 

CRUELTY  BY  HUSBAND,Tumakuru 

CULPABLE  HOMICIDE  NOT  AMOUNTING  TO  MURDER,Tumakuru 

DACOITY,Tumakuru 

Disobedience  to  Order  Promulgated  by  PublicServan,Tumakuru 

DOWRY  DEATHS,Tumakuru 

ELECTION,Tumakuru 

EXPLOSIVES,Tumakuru 

Failure  to  appear  to  Court,Tumakuru 

FORGERY,Tumakuru 

IMMORAL  TRAFFIC,Tumakuru 

KARNATAKA  POLICE  ACT  1963,Tumakuru 

Karnataka  State  Local  Act,Tumakuru 

KIDNAPPING  AND  ABDUCTION,Tumakuru 

MISCHIEF,Tumakuru 

MISSING  PERSON,Tumakuru 

MOLESTATION,Tumakuru 

MOTOR  VEHICLE  ACCIDENTS  FATAL,Tumakuru 

MOTOR  VEHICLE  ACCIDENTS  NON,Tumakuru 

MURDER,Tumakuru 

NARCOTIC  DRUGS  &  PSHYCOTROPIC  SUBSTANCES,Tumakuru 

NEGLIGENT  ACT,Tumakuru 

OFFENCES  AGAINST  PUBLIC  SERVANTS  (Public  servant  is  a  victim),Tumakuru 

OFFENCES  PROMOTING  ENEMITY,Tumakuru 

POCSO,Tumakuru 

PUBLIC  SAFETY,Tumakuru 

RAPE,Tumakuru 

RIOTS,Tumakuru 

ROBBERY,Tumakuru 

SCHEDULED  CASTE  AND  THE  SCHEDULED  TRIBES,Tumakuru 

SUICIDE,Tumakuru 

THEFT,Tumakuru 

CYBER  CRIME,Udupi 

PREVENTION  OF  DAMAGE  TO  PUBLIC  PROPERTY  ACT  1984,Udupi 

REPRESENTATION  OF  PEOPLE  ACT  1951  &  1988,Udupi 

AFFRAY,Udupi 

ANIMAL,Udupi 

ARMS  ACT    1959,Udupi 

ARSON,Udupi 

ATTEMPT  TO  MURDER,Udupi 

Attempting  to  commit  offences,Udupi 

BURGLARY,Udupi 

BURGLARY,Udupi 

CASES  OF  HURT,Udupi 

CHEATING,Udupi 

CRIMES  RELATED  TO  WOMEN,Udupi 

CRIMINAL  BREACH  OF  TRUST,Udupi 

CRIMINAL  INTIMIDATION,Udupi 

CRIMINAL  TRESPASS,Udupi 

CrPC,Udupi 

CRUELTY  BY  HUSBAND,Udupi 

EXPOSURE  AND  ABANDONMENT  OF  CHILD,Udupi 

FORGERY,Udupi 

IMMORAL  TRAFFIC,Udupi 

KARNATAKA  POLICE  ACT  1963,Udupi 

Karnataka  State  Local  Act,Udupi 

KIDNAPPING  AND  ABDUCTION,Udupi 

MISCHIEF,Udupi 

MISSING  PERSON,Udupi 

MOLESTATION,Udupi 

MOTOR  VEHICLE  ACCIDENTS  FATAL,Udupi 

MOTOR  VEHICLE  ACCIDENTS  NON,Udupi 

MURDER,Udupi 

NARCOTIC  DRUGS  &  PSHYCOTROPIC  SUBSTANCES,Udupi 

NEGLIGENT  ACT,Udupi 

OF  ABETMENT,Udupi 

OFFENCES  AGAINST  PUBLIC  SERVANTS  (Public  servant  is  a  victim),Udupi 

POCSO,Udupi 

PUBLIC  NUISANCE,Udupi 

PUBLIC  SAFETY,Udupi 

RAPE,Udupi 

RIOTS,Udupi 

ROBBERY,Udupi 

SCHEDULED  CASTE  AND  THE  SCHEDULED  TRIBES,Udupi 

SUICIDE,Udupi 

THEFT,Udupi 

CYBER  CRIME,Uttara  Kannada 

PREVENTION  OF  DAMAGE  TO  PUBLIC  PROPERTY  ACT  1984,Uttara  Kannada 

AFFRAY,Uttara  Kannada 

ANIMAL,Uttara  Kannada 

ARMS  ACT    1959,Uttara  Kannada 

ARSON,Uttara  Kannada 

ATTEMPT  TO  MURDER,Uttara  Kannada 

Attempting  to  commit  offences,Uttara  Kannada 

BURGLARY,Uttara  Kannada 

BURGLARY,Uttara  Kannada 

CASES  OF  HURT,Uttara  Kannada 

CHEATING,Uttara  Kannada 

CHILDREN  ACT,Uttara  Kannada 

Concealment  of  birth  by  secret  disposal  of  Child,Uttara  Kannada 

CONSUMER,Uttara  Kannada 

CRIMES  RELATED  TO  WOMEN,Uttara  Kannada 

CRIMINAL  BREACH  OF  TRUST,Uttara  Kannada 

CRIMINAL  INTIMIDATION,Uttara  Kannada 

CRIMINAL  TRESPASS,Uttara  Kannada 

CrPC,Uttara  Kannada 

CRUELTY  BY  HUSBAND,Uttara  Kannada 

CULPABLE  HOMICIDE  NOT  AMOUNTING  TO  MURDER,Uttara  Kannada 

ELECTION,Uttara  Kannada 

FOREIGNER,Uttara  Kannada 

FORGERY,Uttara  Kannada 

Human  Trafficking,Uttara  Kannada 

INSULTING  MODESTY  OF  WOMEN  (EVE  TEASING),Uttara  Kannada 

KARNATAKA  POLICE  ACT  1963,Uttara  Kannada 

Karnataka  State  Local  Act,Uttara  Kannada 

KIDNAPPING  AND  ABDUCTION,Uttara  Kannada 

MISCHIEF,Uttara  Kannada 

MISSING  PERSON,Uttara  Kannada 

MOLESTATION,Uttara  Kannada 

MOTOR  VEHICLE  ACCIDENTS  FATAL,Uttara  Kannada 

MOTOR  VEHICLE  ACCIDENTS  NON,Uttara  Kannada 

MURDER,Uttara  Kannada 

NARCOTIC  DRUGS  &  PSHYCOTROPIC  SUBSTANCES,Uttara  Kannada 

NEGLIGENT  ACT,Uttara  Kannada 

OFFENCES  AGAINST  PUBLIC  SERVANTS  (Public  servant  is  a  victim),Uttara  Kannada 

POCSO,Uttara  Kannada 

PUBLIC  SAFETY,Uttara  Kannada 

RAPE,Uttara  Kannada 

RIOTS,Uttara  Kannada 

ROBBERY,Uttara  Kannada 

SCHEDULED  CASTE  AND  THE  SCHEDULED  TRIBES,Uttara  Kannada 

SUICIDE,Uttara  Kannada 

THEFT,Uttara  Kannada 

AFFRAY,Vijayanagara 

ATTEMPT  TO  MURDER,Vijayanagara 

BURGLARY,Vijayanagara 

BURGLARY,Vijayanagara 

CASES  OF  HURT,Vijayanagara 

CHEATING,Vijayanagara 

CONSUMER,Vijayanagara 

CRIMES  RELATED  TO  WOMEN,Vijayanagara 

CRIMINAL  BREACH  OF  TRUST,Vijayanagara 

CRIMINAL  INTIMIDATION,Vijayanagara 

CRUELTY  BY  HUSBAND,Vijayanagara 

EXPLOSIVES,Vijayanagara 

FORGERY,Vijayanagara 

INSULTING  MODESTY  OF  WOMEN  (EVE  TEASING),Vijayanagara 

KARNATAKA  POLICE  ACT  1963,Vijayanagara 

Karnataka  State  Local  Act,Vijayanagara 

KIDNAPPING  AND  ABDUCTION,Vijayanagara 

MISCHIEF,Vijayanagara 

MISSING  PERSON,Vijayanagara 

MOLESTATION,Vijayanagara 

MOTOR  VEHICLE  ACCIDENTS  FATAL,Vijayanagara 

MOTOR  VEHICLE  ACCIDENTS  NON,Vijayanagara 

MURDER,Vijayanagara 

OFFENCES  AGAINST  PUBLIC  SERVANTS  (Public  servant  is  a  victim),Vijayanagara 

POCSO,Vijayanagara 

PUBLIC  NUISANCE,Vijayanagara 

PUBLIC  SAFETY,Vijayanagara 

RAPE,Vijayanagara 

RIOTS,Vijayanagara 

ROBBERY,Vijayanagara 

SCHEDULED  CASTE  AND  THE  SCHEDULED  TRIBES,Vijayanagara 

SUICIDE,Vijayanagara 

THEFT,Vijayanagara 

CYBER  CRIME,Vijayapur 

PREVENTION  OF  DAMAGE  TO  PUBLIC  PROPERTY  ACT  1984,Vijayapur 

ADULTERATION,Vijayapur 

AFFRAY,Vijayapur 

ANIMAL,Vijayapur 

ARMS  ACT    1959,Vijayapur 

ATTEMPT  TO  CULPABLE  HOMICIDE  NOT  AMOUNTING  TO  MURDER,Vijayapur 

ATTEMPT  TO  MURDER,Vijayapur 

Attempting  to  commit  offences,Vijayapur 

BURGLARY,Vijayapur 

BURGLARY,Vijayapur 

CASES  OF  HURT,Vijayapur 

CHEATING,Vijayapur 

CHILDREN  ACT,Vijayapur 

Concealment  of  birth  by  secret  disposal  of  Child,Vijayapur 

CONSUMER,Vijayapur 

COTPA,  CIGARETTES  AND  OTHER  TOBACCO  PRODUCTS,Vijayapur 

CRIMES  RELATED  TO  WOMEN,Vijayapur 

CRIMINAL  BREACH  OF  TRUST,Vijayapur 

CRIMINAL  INTIMIDATION,Vijayapur 

CRIMINAL  TRESPASS,Vijayapur 

CrPC,Vijayapur 

CRUELTY  BY  HUSBAND,Vijayapur 

CULPABLE  HOMICIDE  NOT  AMOUNTING  TO  MURDER,Vijayapur 

DACOITY,Vijayapur 

DEATHS,Vijayapur 

Disobedience  to  Order  Promulgated  by  PublicServan,Vijayapur 

ELECTION,Vijayapur 

FORGERY,Vijayapur 

INSULTING  MODESTY  OF  WOMEN  (EVE  TEASING),Vijayapur 

KARNATAKA  POLICE  ACT  1963,Vijayapur 

Karnataka  State  Local  Act,Vijayapur 

KIDNAPPING  AND  ABDUCTION,Vijayapur 

MISSING  PERSON,Vijayapur 

MOLESTATION,Vijayapur 

MOTOR  VEHICLE  ACCIDENTS  FATAL,Vijayapur 

MOTOR  VEHICLE  ACCIDENTS  NON,Vijayapur 

MURDER,Vijayapur 

NARCOTIC  DRUGS  &  PSHYCOTROPIC  SUBSTANCES,Vijayapur 

NEGLIGENT  ACT,Vijayapur 

OFFENCES  AGAINST  PUBLIC  SERVANTS  (Public  servant  is  a  victim),Vijayapur 

POCSO,Vijayapur 

PUBLIC  SAFETY,Vijayapur 

RAPE,Vijayapur 

RIOTS,Vijayapur 

ROBBERY,Vijayapur 

SCHEDULED  CASTE  AND  THE  SCHEDULED  TRIBES,Vijayapur 

SUICIDE,Vijayapur 

THEFT,Vijayapur 

CYBER  CRIME,Yadgir 

ATTEMPT  TO  MURDER,Yadgir 

BURGLARY,Yadgir 

CASES  OF  HURT,Yadgir 

CHEATING,Yadgir 

CHILDREN  ACT,Yadgir 

CRIMES  RELATED  TO  WOMEN,Yadgir 

CRIMINAL  INTIMIDATION,Yadgir 

CRIMINAL  TRESPASS,Yadgir 

CRUELTY  BY  HUSBAND,Yadgir 

CULPABLE  HOMICIDE  NOT  AMOUNTING  TO  MURDER,Yadgir 

Disobedience  to  Order  Promulgated  by  PublicServan,Yadgir 

ELECTION,Yadgir 

KARNATAKA  POLICE  ACT  1963,Yadgir 

Karnataka  State  Local  Act,Yadgir 

KIDNAPPING  AND  ABDUCTION,Yadgir 

MISSING  PERSON,Yadgir 

MOLESTATION,Yadgir 

MOTOR  VEHICLE  ACCIDENTS  FATAL,Yadgir 

MOTOR  VEHICLE  ACCIDENTS  NON,Yadgir 

MURDER,Yadgir 

NARCOTIC  DRUGS  &  PSHYCOTROPIC  SUBSTANCES,Yadgir 

NEGLIGENT  ACT,Yadgir 

OFFENCES  AGAINST  PUBLIC  SERVANTS  (Public  servant  is  a  victim),Yadgir 

OFFENCES  PROMOTING  ENEMITY,Yadgir 

POCSO,Yadgir 

PUBLIC  SAFETY,Yadgir 

RAPE,Yadgir 

RIOTS,Yadgir 

ROBBERY,Yadgir 

SCHEDULED  CASTE  AND  THE  SCHEDULED  TRIBES,Yadgir 

SUICIDE,Yadgir 

THEFT,Yadgir 

